city_id,City,Lat,Lng,Max Temp,Humidity,Cloudiness,Wind Speed,Country,Date
0,Tūkrah,32.53,20.58,63.21,83,4,12.73,LY,1587672213
1,Dikson,73.51,80.55,35.76,84,100,24.85,RU,1587672214
2,Chui,-33.7,-53.46,66.25,88,14,11.48,UY,1587672214
3,Jamestown,42.1,-79.24,53.6,54,75,3.36,US,1587672214
4,Vaini,-21.2,-175.2,77.0,94,75,5.82,TO,1587672214
5,Rikitea,-23.12,-134.97,75.81,76,0,12.91,PF,1587672214
6,Chokurdakh,70.63,147.92,16.74,95,0,6.96,RU,1587672214
7,Port Alfred,-33.59,26.89,63.0,90,99,2.93,ZA,1587672215
8,Jalpa,21.63,-102.97,84.2,5,75,2.24,MX,1587672215
9,Harper,4.38,-7.72,81.73,79,99,6.33,LR,1587672215
10,Ushuaia,-54.8,-68.3,46.4,70,40,24.16,AR,1587672051
11,Faanui,-16.48,-151.75,80.35,74,0,15.64,PF,1587672215
12,San Andrés,12.58,-81.7,87.8,62,75,6.93,CO,1587671990
13,Bethel,41.37,-73.41,48.0,42,75,4.7,US,1587672215
14,Antofagasta,-23.65,-70.4,68.0,60,20,13.87,CL,1587672216
15,Sitka,57.05,-135.33,44.6,87,90,5.82,US,1587672216
16,Pudozh,61.81,36.53,23.14,94,32,2.39,RU,1587672216
17,Tuatapere,-46.13,167.68,46.0,91,60,3.0,NZ,1587672216
18,Albany,42.6,-73.97,55.99,22,75,9.17,US,1587672216
19,Coyhaique,-45.58,-72.07,50.0,81,90,6.93,CL,1587672217
20,Leningradskiy,69.38,178.42,18.41,91,0,1.88,RU,1587672217
21,Cherskiy,68.75,161.3,25.29,92,87,6.71,RU,1587672217
22,New Norfolk,-42.78,147.06,57.0,69,30,3.0,AU,1587672217
23,Busselton,-33.65,115.33,57.99,77,39,5.14,AU,1587672218
24,Caramay,10.18,119.24,81.88,78,2,13.31,PH,1587672218
25,Mataura,-46.19,168.86,46.0,91,34,3.0,NZ,1587672218
26,Nemuro,43.32,145.57,35.01,83,15,15.37,JP,1587672218
27,St. George's,12.06,-61.75,84.2,74,75,11.41,GD,1587672029
28,Qaanaaq,77.48,-69.36,22.26,94,100,9.24,GL,1587672219
29,Atuona,-9.8,-139.03,81.97,74,15,13.33,PF,1587672219
30,São João da Barra,-21.64,-41.05,80.6,57,20,12.75,BR,1587672098
31,George Town,5.41,100.34,78.8,100,20,4.7,MY,1587672073
32,Katsuura,35.13,140.3,51.8,50,48,11.41,JP,1587672219
33,Cabo San Lucas,22.89,-109.91,86.0,28,5,4.7,MX,1587672000
34,Nanortalik,60.14,-45.24,37.74,89,42,14.12,GL,1587672219
35,Waipawa,-41.41,175.52,57.99,87,11,9.17,NZ,1587672220
36,Laela,-8.57,32.05,59.5,62,15,4.7,TZ,1587672220
37,Iqaluit,63.75,-68.51,21.2,79,75,17.22,CA,1587672220
38,Punta Arenas,-53.15,-70.92,51.8,66,40,13.87,CL,1587672220
39,Hermanus,-34.42,19.23,57.99,85,100,1.99,ZA,1587672220
40,Yarmouth,41.71,-70.23,50.0,43,75,23.04,US,1587672131
41,Mossamedes,-15.2,12.15,74.61,73,0,8.41,AO,1587672221
42,Leh,34.17,77.58,32.0,17,0,2.51,IN,1587672221
43,Saint-Augustin,51.23,-58.65,30.47,92,14,19.69,CA,1587672221
44,Tuktoyaktuk,69.45,-133.04,-2.2,77,75,16.11,CA,1587672221
45,Barrow,71.29,-156.79,19.4,92,90,8.05,US,1587672222
46,Innisfail,-17.53,146.03,66.0,96,38,1.99,AU,1587672023
47,Arrifes,37.77,-25.7,60.8,72,75,4.7,PT,1587672222
48,Tasiilaq,65.61,-37.64,39.2,80,68,13.87,GL,1587672222
49,Washington,47.5,-120.5,62.01,38,1,17.22,US,1587672222
50,Bognor Regis,50.78,-0.68,57.99,69,60,5.1,GB,1587672222
51,Great Yarmouth,52.61,1.73,51.01,83,100,1.99,GB,1587672223
52,Rudnogorsk,57.26,103.75,30.33,85,0,3.33,RU,1587672223
53,Evensk,61.95,159.23,24.91,93,22,12.39,RU,1587672223
54,Havre-St-Pierre,50.23,-63.6,28.4,86,90,18.34,CA,1587672223
55,Vrbové,48.62,17.72,52.0,57,0,3.36,SK,1587672223
56,Narsaq,60.92,-46.05,51.8,40,20,1.12,GL,1587672223
57,Russell,32.35,-85.2,60.8,93,90,5.82,US,1587672224
58,Longyearbyen,78.22,15.64,21.2,57,0,4.7,SJ,1587672008
59,Poum,-20.23,164.02,77.77,78,10,15.57,NC,1587672224
60,Bredasdorp,-34.53,20.04,59.0,87,100,4.18,ZA,1587672224
61,Tessalit,20.2,1.01,88.2,9,0,11.92,ML,1587672127
62,Basco,20.45,121.97,77.2,84,81,25.03,PH,1587672224
63,Cape Town,-33.93,18.42,64.0,82,100,11.41,ZA,1587671995
64,Lavrentiya,65.58,-171.0,27.23,94,12,9.98,RU,1587672225
65,Okhotsk,59.38,143.3,29.97,95,100,10.07,RU,1587672225
66,Santa Rosa,14.31,121.11,84.2,70,20,8.05,PH,1587672225
67,Cayenne,4.93,-52.33,84.2,66,75,13.87,GF,1587672225
68,Ubari,26.59,12.78,74.8,16,0,8.01,LY,1587672225
69,Hayrabolu,41.21,27.11,41.0,80,88,11.41,TR,1587672225
70,Namatanai,-3.67,152.43,81.52,75,100,6.11,PG,1587672226
71,São Filipe,14.9,-24.5,70.32,77,1,21.63,CV,1587672226
72,Umluj,25.02,37.27,75.76,74,0,1.05,SA,1587672226
73,Mahibadhoo,3.78,72.97,82.83,79,100,15.75,MV,1587672226
74,Okha,53.57,142.95,29.17,98,100,22.01,RU,1587672226
75,Kapaa,22.08,-159.32,78.8,74,75,16.11,US,1587672226
76,Butaritari,3.07,172.79,83.41,78,70,13.38,KI,1587672226
77,Bambous Virieux,-20.34,57.76,77.0,88,75,8.05,MU,1587672227
78,Weligama,5.97,80.42,78.26,87,100,2.89,LK,1587672227
79,Mar del Plata,-38.0,-57.56,64.99,63,100,11.41,AR,1587672227
80,Sioux Lookout,50.1,-91.92,48.2,42,90,5.82,CA,1587672083
81,Kaitangata,-46.28,169.85,42.01,85,9,3.0,NZ,1587672228
82,Port Elizabeth,-33.92,25.57,59.0,93,100,4.7,ZA,1587672007
83,Manicoré,-5.81,-61.3,82.4,78,75,5.82,BR,1587672228
84,Srednekolymsk,67.45,153.68,25.34,93,100,2.26,RU,1587672228
85,Saint Paul Harbor,57.79,-152.41,44.6,87,90,10.29,US,1587672228
86,Tiksi,71.69,128.87,19.89,97,100,1.83,RU,1587672228
87,Kloulklubed,7.04,134.26,78.8,94,90,11.41,PW,1587672229
88,Lac-Mégantic,45.58,-70.88,39.99,38,0,14.0,CA,1587672229
89,Kahului,20.89,-156.47,80.6,57,20,18.34,US,1587672229
90,Barsovo,61.17,73.17,41.0,80,40,11.18,RU,1587672229
91,Nikki,9.94,3.21,80.06,60,100,9.01,BJ,1587672229
92,Luanda,-8.84,13.23,82.4,83,40,12.75,AO,1587672229
93,Sur,22.57,59.53,83.48,50,92,8.75,OM,1587672229
94,Yar-Sale,66.83,70.83,24.28,94,96,22.55,RU,1587672230
95,Avarua,-21.21,-159.78,82.4,74,28,10.29,CK,1587672130
96,Rawson,-43.3,-65.1,64.45,66,99,18.9,AR,1587672230
97,Erzin,36.96,36.2,61.0,91,52,3.13,TR,1587672230
98,Torbay,47.67,-52.73,39.2,60,75,23.04,CA,1587672230
99,Zhangye,38.93,100.45,40.66,25,78,2.13,CN,1587672230
100,Hithadhoo,-0.6,73.08,83.52,73,100,9.42,MV,1587672132
101,Saint-Pierre,-21.34,55.48,75.2,78,40,6.93,RE,1587672231
102,Muroto-misakicho,33.28,134.15,50.16,57,9,9.01,JP,1587672231
103,Praia,14.92,-23.51,75.2,57,75,20.8,CV,1587672231
104,Lagdo,9.05,13.73,95.0,34,35,3.36,CM,1587672231
105,Marabba,12.35,32.18,77.32,14,98,2.04,SD,1587672231
106,Thompson,55.74,-97.86,35.6,74,90,5.82,CA,1587672083
107,Marystown,47.17,-55.15,33.84,86,78,20.27,CA,1587672232
108,Lebu,-37.62,-73.65,57.45,84,98,16.8,CL,1587672232
109,Puerto Ayora,-0.74,-90.35,87.8,62,20,19.46,EC,1587672232
110,Yeppoon,-23.13,150.73,68.0,88,3,1.12,AU,1587672232
111,Cidreira,-30.18,-50.21,69.78,80,0,11.95,BR,1587672233
112,Grindavik,63.84,-22.43,44.6,81,75,17.22,IS,1587672233
113,Yellowknife,62.46,-114.35,24.8,53,75,6.93,CA,1587672233
114,Nhulunbuy,-12.23,136.77,78.8,83,99,6.93,AU,1587672070
115,Port Blair,11.67,92.75,83.35,72,100,3.2,IN,1587672233
116,Nieuw Amsterdam,5.88,-55.08,79.0,88,40,6.93,SR,1587672234
117,Deputatsky,69.3,139.9,15.31,90,79,3.06,RU,1587672234
118,Sibu,2.3,111.82,77.0,94,75,2.24,MY,1587672234
119,Upernavik,72.79,-56.15,31.55,97,74,6.06,GL,1587672234
120,Provideniya,64.38,-173.3,26.6,63,13,4.47,RU,1587672234
121,Kontagora,10.4,5.47,90.0,33,91,3.11,NG,1587672235
122,Ribeira Grande,38.52,-28.7,62.6,72,40,2.24,PT,1587672235
123,Buraidah,26.33,43.98,78.8,44,0,6.93,SA,1587672235
124,Udachny,66.42,112.4,26.6,79,94,4.47,RU,1587672235
125,San Patricio,19.22,-104.7,86.0,74,40,9.17,MX,1587672235
126,Airai,-8.93,125.41,59.99,69,99,3.2,TL,1587672235
127,Hobart,-42.88,147.33,57.0,66,90,8.05,AU,1587672032
128,Cap-aux-Meules,47.38,-61.86,32.0,91,90,21.92,CA,1587672236
129,Pemba,-12.97,40.52,80.6,78,40,12.75,MZ,1587672236
130,Guerrero Negro,27.98,-114.06,82.13,32,1,14.25,MX,1587672236
131,Vanimo,-2.67,141.3,79.79,82,42,5.1,PG,1587672236
132,Nyrob,60.73,56.72,19.04,95,8,3.98,RU,1587672236
133,Almaznyy,48.04,40.05,46.4,75,0,6.71,RU,1587672236
134,College,64.86,-147.8,39.99,47,75,9.17,US,1587672236
135,Kaohsiung City,22.62,120.31,69.8,73,75,5.82,TW,1587672072
136,Aljezur,37.32,-8.8,66.0,67,100,7.18,PT,1587672237
137,Acaraú,-2.89,-40.12,78.17,89,76,5.57,BR,1587672237
138,Itaituba,-4.28,-55.98,89.6,62,40,8.05,BR,1587672045
139,Beşikdüzü,41.05,39.23,50.0,66,75,3.36,TR,1587672237
140,São Desidério,-12.36,-44.97,73.36,78,85,2.77,BR,1587672237
141,Stornoway,58.21,-6.39,51.8,66,0,3.36,GB,1587672238
142,Ambilobe,-13.2,49.05,74.52,88,99,1.61,MG,1587672238
143,Tawao,4.25,117.89,77.0,100,20,2.24,MY,1587672238
144,Bilibino,68.05,166.44,22.12,84,8,2.64,RU,1587672238
145,Hasaki,35.73,140.83,44.6,75,75,2.24,JP,1587672106
146,Tailai,46.38,123.4,36.14,72,97,10.74,CN,1587672238
147,Hilo,19.73,-155.09,79.0,61,90,9.17,US,1587672239
148,Riyadh,24.69,46.72,80.6,39,0,3.96,SA,1587672012
149,Sadasivpet,17.62,77.95,81.72,43,4,8.43,IN,1587672239
150,Iquitos,-3.75,-73.25,89.6,66,75,3.36,PE,1587672239
151,Reconquista,-29.15,-59.65,81.25,39,10,6.17,AR,1587672239
152,Fortuna,40.6,-124.16,62.01,93,90,8.05,US,1587672239
153,Paris,48.85,2.35,70.0,37,0,4.7,FR,1587671946
154,Laredo,27.51,-99.51,91.4,38,1,9.17,US,1587672173
155,Mount Gambier,-37.83,140.77,51.8,100,40,6.93,AU,1587672240
156,Norman Wells,65.28,-126.83,21.2,62,75,19.46,CA,1587672240
157,Hay River,60.82,-115.8,28.4,63,75,6.93,CA,1587672241
158,Andros Town,24.7,-77.77,84.2,54,75,17.22,BS,1587672241
159,Zhigansk,66.77,123.37,26.83,98,96,7.92,RU,1587672241
160,Alofi,-19.06,-169.92,80.6,94,54,3.36,NU,1587672241
161,Kedrovyy,56.17,91.82,69.8,18,85,8.95,RU,1587672241
162,Klaksvík,62.23,-6.59,44.6,87,76,4.7,FO,1587672242
163,Broome,42.25,-75.83,44.01,80,75,8.05,US,1587672242
164,Selçuk,37.95,27.37,59.0,51,75,13.87,TR,1587672242
165,Sept-Îles,50.2,-66.38,36.0,74,75,13.87,CA,1587672242
166,Sampit,-2.53,112.95,74.5,98,96,2.46,ID,1587672242
167,Albanel,48.88,-72.45,33.8,50,20,12.75,CA,1587672242
168,Kavieng,-2.57,150.8,82.85,71,85,1.34,PG,1587672242
169,Karpathos,35.51,27.21,57.2,71,100,21.92,GR,1587672243
170,Castro,-24.79,-50.01,59.27,48,0,1.14,BR,1587672243
171,Saint George,37.1,-113.58,79.0,21,1,14.99,US,1587672243
172,Kutum,14.2,24.67,68.97,12,71,6.89,SD,1587672243
173,Dingle,11.0,122.67,78.6,83,97,10.89,PH,1587672244
174,San Cristobal,7.77,-72.22,91.4,52,40,13.87,VE,1587672244
175,Codrington,-38.27,141.97,55.85,84,41,14.56,AU,1587672244
176,Sungai Udang,2.27,102.14,77.0,94,20,2.24,MY,1587672244
177,Huarmey,-10.07,-78.15,77.29,57,1,8.43,PE,1587672244
178,Khatanga,71.97,102.5,30.97,94,100,18.99,RU,1587672245
179,Boyolangu,-8.12,111.89,76.93,86,100,4.27,ID,1587672245
180,Lake Cowichan,48.83,-124.05,57.2,76,90,9.17,CA,1587672023
181,Carnarvon,-24.87,113.63,71.6,94,2,16.11,AU,1587672245
182,Fort Nelson,58.81,-122.7,51.8,39,90,8.05,CA,1587672023
183,East London,-33.02,27.91,69.71,71,99,4.07,ZA,1587672245
184,Gizo Government Station,-8.1,156.84,78.42,85,100,7.27,SB,1587672245
185,Arlit,18.74,7.39,91.67,11,2,5.84,NE,1587672246
186,Bluff,-46.6,168.33,46.0,91,79,3.0,NZ,1587672066
187,Zyryanka,65.75,150.85,25.61,94,100,5.61,RU,1587672246
188,Yangi Marg`ilon,40.43,71.72,68.0,34,3,6.93,UZ,1587672246
189,Dhidhdhoo,6.88,73.1,85.05,75,100,11.23,MV,1587672246
190,Donskoye,45.46,41.97,42.8,41,0,8.95,RU,1587672246
191,Asău,46.43,26.4,39.99,64,23,2.86,RO,1587672247
192,Westport,41.14,-73.36,48.0,45,90,8.05,US,1587672117
193,Cururupu,-1.83,-44.87,78.4,88,100,3.91,BR,1587672247
194,Abalak,58.13,68.59,40.59,75,95,10.76,RU,1587672247
195,Kirakira,-10.45,161.92,80.44,79,96,2.13,SB,1587672247
196,Hobyo,5.35,48.53,84.58,71,85,7.85,SO,1587672247
197,Goderich,43.75,-81.72,48.0,48,98,6.24,CA,1587672248
198,Ixtapa,20.7,-105.2,78.8,65,40,12.75,MX,1587672248
199,Calama,-22.47,-68.93,71.6,5,0,23.04,CL,1587672248
200,Junín,-34.58,-60.94,82.0,52,100,11.01,AR,1587672248
201,Suşehri,40.16,38.09,32.16,57,81,6.46,TR,1587672248
202,Saskatoon,52.12,-106.63,62.6,39,75,18.34,CA,1587672024
203,Saint-Philippe,-21.36,55.77,75.2,78,31,6.93,RE,1587672248
204,Actopan,20.27,-98.93,83.59,12,81,5.48,MX,1587672249
205,Hong Kong,22.29,114.16,66.2,88,40,4.7,HK,1587671992
206,Mongoumba,3.64,18.59,75.33,78,83,1.43,CF,1587672249
207,Glenwood Springs,39.55,-107.32,57.2,64,90,8.05,US,1587672249
208,Sinnamary,5.38,-52.95,79.45,80,69,10.94,GF,1587672249
209,Camacha,33.08,-16.33,62.6,67,40,12.75,PT,1587672249
210,Havelock,34.88,-76.9,72.0,56,20,17.22,US,1587672250
211,Ostrovnoy,68.05,39.51,24.78,96,100,16.91,RU,1587672250
212,Nelson Bay,-32.72,152.15,60.8,63,93,12.75,AU,1587672250
213,Leiyang,26.4,112.86,54.46,87,100,1.5,CN,1587672250
214,Clyde River,70.47,-68.59,10.4,78,1,3.36,CA,1587672250
215,Kaeo,-35.1,173.78,59.0,95,17,1.99,NZ,1587672250
216,Chāndbāli,20.78,86.77,81.46,87,37,12.91,IN,1587672251
217,Duxbury,42.04,-70.67,57.0,19,20,6.93,US,1587672251
218,Rome,43.21,-75.46,48.0,26,1,5.82,US,1587672251
219,Tawang Town,27.58,91.87,39.24,33,84,1.28,IN,1587672251
220,Hofn,64.25,-15.21,39.79,76,38,3.47,IS,1587672251
221,Sioni,41.99,45.02,46.4,70,90,13.87,GE,1587672251
222,Charters Towers,-20.1,146.27,67.19,86,0,6.02,AU,1587672252
223,Severo-Kuril'sk,50.68,156.12,33.08,94,100,12.28,RU,1587672252
224,Port Moresby,-9.44,147.18,77.0,94,40,5.82,PG,1587672252
225,Amga,60.9,131.96,24.94,93,0,1.9,RU,1587672252
226,Pallasovka,50.05,46.88,39.69,71,91,14.25,RU,1587672252
227,Pokhara,28.23,83.98,59.88,41,80,3.33,NP,1587672025
228,Nome,64.5,-165.41,30.99,63,1,9.17,US,1587672126
229,Chapais,49.78,-74.85,26.6,49,75,12.75,CA,1587672253
230,Conde,-7.26,-34.91,84.2,74,40,10.29,BR,1587672029
231,Hualmay,-11.1,-77.61,74.41,61,2,8.55,PE,1587672253
232,São Miguel do Araguaia,-13.28,-50.16,76.64,80,62,1.59,BR,1587672253
233,Kruisfontein,-34.0,24.73,56.01,84,100,3.89,ZA,1587672254
234,Tomatlán,19.93,-105.25,85.96,42,82,9.1,MX,1587672254
235,Östersund,63.18,14.64,37.4,72,98,11.41,SE,1587672254
236,San Quintín,30.48,-115.95,74.12,47,0,10.18,MX,1587672254
237,Sovetskiy,61.36,63.58,27.55,89,20,6.87,RU,1587672254
238,Nikolskoye,59.7,30.79,37.4,51,100,4.47,RU,1587672254
239,Karlskrona,56.16,15.59,59.0,38,100,5.82,SE,1587672255
240,Saint-Michel-des-Saints,46.68,-73.92,33.62,73,1,10.07,CA,1587672255
241,San Javier,37.81,-0.84,66.99,82,75,6.93,ES,1587671958
242,Kermanshah,34.31,47.06,62.6,63,75,6.93,IR,1587672255
243,Saldanha,-33.01,17.94,66.2,63,100,3.36,ZA,1587672255
244,Sheridan,44.83,-106.92,60.8,38,20,14.99,US,1587672256
245,Tegul'det,57.31,88.17,59.65,61,100,6.06,RU,1587672256
246,Swan Hill,-35.34,143.55,56.82,94,14,5.14,AU,1587672256
247,Coquimbo,-29.95,-71.34,62.6,77,75,6.93,CL,1587672256
248,Champerico,14.3,-91.92,95.0,53,40,9.17,GT,1587672256
249,Lagoa,39.05,-27.98,60.12,82,100,7.81,PT,1587672256
250,Banjarmasin,-3.32,114.59,76.28,91,100,1.68,ID,1587671994
251,Pevek,69.7,170.31,16.36,89,0,4.61,RU,1587672257
252,Torres Vedras,39.09,-9.26,59.0,82,20,5.82,PT,1587672257
253,Esperance,-33.87,121.9,59.0,87,100,8.05,AU,1587672257
254,Bengkulu,-3.8,102.27,78.53,81,100,4.81,ID,1587672114
255,Prince Rupert,54.32,-130.32,46.4,78,90,5.82,CA,1587672257
256,Sanmenxia,34.77,111.18,45.16,35,0,2.33,CN,1587672257
257,Mount Isa,-20.73,139.5,69.8,28,0,3.36,AU,1587672258
258,Paita,-5.09,-81.11,87.8,45,1,14.99,PE,1587672258
259,Nogliki,51.83,143.17,27.72,97,100,17.9,RU,1587672258
260,Dukat,62.55,155.55,15.98,90,92,2.98,RU,1587672258
261,Wawa,9.9,4.42,87.22,54,91,7.94,NG,1587672259
262,Flinders,-34.58,150.86,66.99,57,47,1.01,AU,1587672259
263,Vila,42.03,-8.16,60.01,76,96,8.05,PT,1587672259
264,Lamu,-2.27,40.9,82.24,78,100,12.03,KE,1587672259
265,Jumla,29.27,82.18,44.96,34,88,2.42,NP,1587672259
266,Khani,41.96,42.96,46.4,87,75,6.93,GE,1587672259
267,Mahébourg,-20.41,57.7,75.2,88,75,8.05,MU,1587672260
268,Laguna,38.42,-121.42,82.0,32,1,10.29,US,1587672260
269,Iquique,-20.22,-70.14,71.6,56,0,11.41,CL,1587672260
270,Mindelo,16.89,-24.98,75.2,60,20,26.4,CV,1587672260
271,Yulara,-25.24,130.99,75.2,33,0,6.93,AU,1587672069
272,Birao,10.28,22.79,82.18,21,11,2.95,CF,1587672260
273,Fengrun,39.83,118.12,46.87,41,0,7.61,CN,1587672261
274,Avsyunino,55.57,39.12,35.6,55,69,4.47,RU,1587672261
275,Masallātah,32.62,14.0,59.16,77,2,10.8,LY,1587672261
276,Khovd,48.01,91.64,45.77,26,6,4.76,MN,1587672261
277,Umm Kaddadah,13.6,26.69,80.02,11,15,11.54,SD,1587672261
278,Impfondo,1.64,18.07,77.49,69,11,2.01,CG,1587672261
279,Kangaatsiaq,68.31,-53.46,29.3,96,89,8.16,GL,1587672262
280,Uchaly,54.3,59.45,28.92,80,0,10.92,RU,1587672262
281,Pochutla,15.74,-96.47,91.4,49,75,28.86,MX,1587672262
282,Atar,20.52,-13.05,81.61,14,0,8.59,MR,1587672262
283,Krasnosel'kup,65.7,82.47,36.45,90,100,17.87,RU,1587672262
284,Geraldton,-28.77,114.6,62.6,88,64,8.05,AU,1587672262
285,Tarko-Sale,64.92,77.78,36.0,93,0,17.49,RU,1587672263
286,Viljoenskroon,-27.21,26.95,61.59,28,4,3.31,ZA,1587672263
287,Ayan,56.45,138.17,26.78,95,100,15.64,RU,1587672263
288,Āsosa,10.07,34.53,72.05,19,13,1.39,ET,1587672263
289,Arenápolis,-14.45,-56.85,80.78,69,98,2.86,BR,1587672263
290,Akureyri,65.68,-18.09,50.0,46,0,10.29,IS,1587672263
291,Los Llanos de Aridane,28.66,-17.92,66.2,72,40,16.11,ES,1587672211
292,Vredendal,-31.67,18.5,67.21,75,100,4.61,ZA,1587672264
293,Pacific Grove,36.62,-121.92,70.0,77,40,6.93,US,1587672101
294,Portland,45.52,-122.68,59.0,62,90,4.7,US,1587672012
295,The Valley,18.22,-63.06,87.8,61,20,14.99,AI,1587672264
296,Olafsvik,64.89,-23.71,43.63,84,60,14.81,IS,1587672264
297,Half Moon Bay,37.46,-122.43,75.99,68,40,6.93,US,1587672264
298,Selikhino,50.37,137.5,26.02,91,100,8.9,RU,1587672265
299,Richards Bay,-28.78,32.04,70.97,85,43,3.65,ZA,1587672265
300,Banyo,6.75,11.82,70.5,62,81,1.68,CM,1587672265
301,Nyimba,-14.56,30.81,65.1,61,8,5.46,ZM,1587672265
302,Miranda,3.25,-76.23,86.0,62,40,2.24,CO,1587672265
303,Agüimes,27.91,-15.45,68.0,64,75,17.22,ES,1587672265
304,Saskylakh,71.92,114.08,15.94,95,77,4.83,RU,1587672266
305,Sungai Penuh,-2.08,101.38,64.83,72,55,1.99,ID,1587672266
306,Río Gallegos,-51.62,-69.22,53.6,58,75,11.41,AR,1587672266
307,Ca Mau,9.18,105.15,82.13,81,93,8.41,VN,1587672266
308,Inhambane,-23.86,35.38,73.81,82,10,12.75,MZ,1587672266
309,Ancud,-41.87,-73.82,57.0,93,90,8.05,CL,1587672266
310,Iskateley,67.68,53.15,20.52,96,70,15.1,RU,1587672267
311,Excelsior Springs,39.34,-94.23,73.0,63,1,5.23,US,1587672136
312,Arraial do Cabo,-22.97,-42.03,80.6,65,1,9.17,BR,1587672267
313,Killybegs,54.63,-8.45,53.6,87,100,4.7,IE,1587672267
314,Dunedin,-45.87,170.5,54.0,67,21,6.87,NZ,1587672189
315,São Félix do Xingu,-6.64,-51.99,77.76,88,100,1.52,BR,1587672267
316,Tokmak,47.25,35.71,47.14,54,27,4.74,UA,1587672267
317,Gumdag,39.21,54.59,59.7,54,89,5.23,TM,1587672268
318,Elk Plain,47.05,-122.4,60.01,87,90,9.17,US,1587672268
319,Avera,33.19,-82.53,64.4,88,90,24.16,US,1587672268
320,Kudeyevskiy,54.88,56.76,30.2,86,75,8.95,RU,1587672268
321,Kalmunai,7.42,81.82,81.77,81,100,7.72,LK,1587672268
322,Matara,5.95,80.54,78.31,87,100,2.28,LK,1587672268
323,Vardø,70.37,31.11,26.6,79,75,20.8,NO,1587672269
324,Bulawayo,-20.15,28.58,55.89,51,0,8.52,ZW,1587672269
325,Vostok,46.49,135.88,18.32,90,17,4.16,RU,1587672269
326,Manokwari,-0.87,134.08,80.98,69,16,5.26,ID,1587672269
327,Horsham,51.06,-0.33,61.0,55,76,6.93,GB,1587672269
328,Ust-Nera,64.57,143.2,18.52,85,99,3.22,RU,1587672269
329,Auki,-8.77,160.7,79.65,84,99,7.9,SB,1587672269
330,Muros,42.78,-9.06,59.0,79,39,3.0,ES,1587672270
331,Nantucket,41.28,-70.1,46.99,45,90,18.34,US,1587671976
332,Maţāy,28.42,30.78,76.91,21,0,6.76,EG,1587672270
333,Nichinan,31.6,131.37,46.0,65,82,10.0,JP,1587672270
334,Yamada,39.47,141.95,37.9,76,6,4.88,JP,1587672270
335,Jieshi,22.81,115.83,64.78,75,100,12.5,CN,1587672270
336,Seydi,39.48,62.91,75.58,41,84,22.15,TM,1587672270
337,Banda Aceh,5.56,95.32,80.17,74,100,3.49,ID,1587672271
338,Bismarck,46.81,-100.78,62.6,36,90,11.41,US,1587672154
339,Antalaha,-14.9,50.28,76.51,85,62,11.52,MG,1587672271
340,Skjervøy,70.03,20.97,32.0,82,20,4.7,NO,1587672271
341,Ponferrada,42.55,-6.6,60.01,73,70,1.01,ES,1587672271
342,Sopot,54.44,18.56,55.0,50,54,3.36,PL,1587672170
343,Agadez,19.75,10.25,89.19,10,0,9.62,NE,1587672272
344,Copiapó,-27.37,-70.33,68.0,60,40,9.17,CL,1587672193
345,Emilio Carranza,19.97,-96.61,87.08,57,23,2.39,MX,1587672272
346,Liverpool,53.41,-2.98,62.6,55,100,11.41,GB,1587672272
347,Ponta do Sol,32.67,-17.1,62.6,67,40,12.75,PT,1587672272
348,Farafangana,-22.82,47.83,73.63,83,59,3.02,MG,1587672272
349,Brae,60.4,-1.35,42.8,87,22,5.82,GB,1587672272
350,Margate,51.38,1.39,53.01,74,99,11.97,GB,1587672273
351,Thinadhoo,0.53,72.93,83.86,72,100,9.64,MV,1587672273
352,Hailey,43.52,-114.32,55.4,35,40,13.87,US,1587672273
353,Pangnirtung,66.15,-65.71,10.4,85,75,4.7,CA,1587672273
354,Tautira,-17.73,-149.15,84.2,62,21,11.41,PF,1587672274
355,Lorvão,40.26,-8.32,60.01,81,100,4.0,PT,1587672274
356,Cockburn Town,21.46,-71.14,79.39,79,0,17.63,TC,1587672274
357,Maltahöhe,-24.83,16.98,67.46,30,18,9.71,NA,1587672274
358,Beringovskiy,63.05,179.32,15.73,91,0,10.85,RU,1587672275
359,Bambanglipuro,-7.95,110.28,78.91,84,98,7.58,ID,1587672275
360,Boundiali,9.52,-6.49,81.05,53,77,2.44,CI,1587672275
361,Broken Hill,-31.95,141.43,62.6,51,0,6.93,AU,1587672275
362,Shubarkuduk,49.14,56.49,39.43,67,55,6.85,KZ,1587672275
363,Alindao,5.03,21.21,75.36,72,95,2.75,CF,1587672276
364,Maceió,-9.67,-35.74,82.4,74,40,9.17,BR,1587672127
365,Tiarei,-17.53,-149.33,84.2,62,30,11.41,PF,1587672276
366,Summerside,46.4,-63.79,41.0,15,91,19.44,CA,1587672277
367,Caceres,39.52,-6.37,64.99,64,100,1.99,ES,1587672277
368,Rena,61.13,11.36,37.99,59,79,4.59,NO,1587672277
369,Mikrópolis,41.19,23.82,46.99,81,81,1.1,GR,1587672277
370,Lufkin,31.34,-94.73,82.0,44,0,13.87,US,1587672278
371,San Bartolomé de Tirajana,27.92,-15.57,68.0,64,75,17.22,ES,1587672278
372,Lompoc,34.64,-120.46,72.0,68,1,20.8,US,1587672000
373,Christchurch,-43.53,172.63,35.6,100,0,3.36,NZ,1587672181
374,Atambua,-9.11,124.89,73.9,79,92,5.73,ID,1587672278
375,Brodokalmak,55.57,62.08,33.8,64,0,11.18,RU,1587672278
376,Aklavik,68.22,-135.01,6.8,71,90,13.87,CA,1587672279
377,Taltal,-25.4,-70.48,67.78,61,35,3.78,CL,1587672279
378,Kovdor,67.57,30.48,16.56,93,54,5.86,RU,1587672279
379,Baracoa,20.35,-74.5,81.0,73,0,12.93,CU,1587672279
380,Edson,53.58,-116.44,51.8,40,75,6.93,CA,1587672280
381,Sakhipur,24.3,90.18,73.4,83,75,5.82,BD,1587672280
382,Tete,-16.16,33.59,80.6,57,20,8.05,MZ,1587672280
383,Muskogee,35.58,-95.33,73.99,56,20,8.05,US,1587672280
384,Chimoio,-19.12,33.48,64.4,88,20,2.57,MZ,1587672281
385,Pacaembu,-21.56,-51.26,69.35,55,0,6.17,BR,1587672281
386,Nizhnevartovsk,60.93,76.55,42.8,81,78,8.95,RU,1587672281
387,Ulaangom,49.98,92.07,43.43,39,1,2.57,MN,1587672281
388,Salalah,17.02,54.09,84.2,83,75,6.93,OM,1587672281
389,Kuching,1.55,110.33,75.2,100,20,2.24,MY,1587672281
390,Kasongo-Lunda,-6.47,16.82,73.22,77,100,1.52,CD,1587672282
391,Renqiu,38.7,116.09,46.99,38,0,10.18,CN,1587672282
392,Guane,22.2,-84.09,87.17,60,55,18.28,CU,1587672282
393,Poopó,-18.37,-66.97,57.38,8,0,6.22,BO,1587672282
394,Zimovniki,47.15,42.46,40.5,63,0,8.75,RU,1587672282
395,Leeton,-34.57,146.4,51.8,87,57,1.12,AU,1587672282
396,Eureka,40.8,-124.16,62.01,93,90,10.29,US,1587672283
397,Kimbe,-5.55,150.14,77.72,85,99,2.71,PG,1587672283
398,Belyy Yar,53.6,91.39,46.4,52,79,2.24,RU,1587672283
399,Karratha,-20.74,116.85,88.02,47,54,9.01,AU,1587672283
400,Prabumulih,-3.45,104.25,74.73,96,100,1.16,ID,1587672284
401,Maun,-19.98,23.42,71.6,43,0,4.7,BW,1587672284
402,Roebourne,-20.78,117.13,88.3,46,56,5.99,AU,1587672284
403,Pisco,-13.7,-76.22,77.0,61,17,12.75,PE,1587672284
404,South Sioux City,42.47,-96.41,78.01,22,40,7.4,US,1587672284
405,Saint Stephen,50.33,-4.9,57.0,93,2,3.36,GB,1587672285
406,La Asuncion,11.03,-63.86,87.8,55,5,20.8,VE,1587672285
407,Toronto,43.7,-79.42,45.0,60,90,19.46,CA,1587672115
408,Manaquiri,-3.32,-60.35,80.6,88,75,6.93,BR,1587672285
409,Hamilton,39.18,-84.53,55.4,93,90,3.36,US,1587672008
410,Jimma,7.67,36.83,63.45,47,97,1.7,ET,1587672286
411,Lata,40.16,-8.33,60.01,89,100,8.99,PT,1587672287
412,Teahupoo,-17.83,-149.27,84.2,62,29,11.41,PF,1587672287
413,Lethem,3.38,-59.8,95.72,32,44,7.49,GY,1587672288
414,Kokopo,-4.35,152.26,78.96,81,100,8.9,PG,1587672288
415,Ust'-Uda,54.17,103.03,39.52,57,6,3.74,RU,1587672288
416,Brandon,27.94,-82.29,93.2,52,40,17.22,US,1587672052
417,Lakes Entrance,-37.88,147.98,61.0,77,67,7.27,AU,1587672289
418,Viedma,-40.81,-63.0,64.56,53,100,10.54,AR,1587672289
419,Chokwé,-24.53,32.98,67.59,87,0,4.34,MZ,1587672289
420,Novoagansk,61.94,76.66,40.87,77,98,13.91,RU,1587672290
421,Kismayo,-0.36,42.55,82.24,79,85,9.64,SO,1587672290
422,Jackson,42.42,-122.83,66.0,45,75,5.82,US,1587672290
423,Grand Gaube,-20.01,57.66,77.0,80,9,8.99,MU,1587672290
424,Santo Tomas,14.11,121.14,84.2,70,20,8.05,PH,1587672290
425,Terme,41.21,36.97,42.8,75,20,3.36,TR,1587672291
426,Xingyi,24.19,102.82,50.16,54,100,4.29,CN,1587672291
427,Berdigestyakh,62.1,126.7,27.27,96,73,3.31,RU,1587672291
428,Constitución,-35.33,-72.42,60.44,82,76,8.19,CL,1587672291
429,Konstantinovka,49.62,127.98,31.98,90,30,0.2,RU,1587672291
430,Turukhansk,65.82,87.98,44.8,86,99,15.82,RU,1587672292
431,Lillesand,58.25,8.38,60.8,29,18,12.75,NO,1587672292
432,Tarabuco,-19.17,-64.92,58.35,25,16,7.02,BO,1587672292
433,Santander,43.46,-3.8,61.0,82,73,4.7,ES,1587672292
434,Cairns,-16.92,145.77,77.0,78,75,5.82,AU,1587672086
435,Jalu,29.03,21.55,71.65,36,0,26.19,LY,1587672293
436,Zemio,5.03,25.14,74.35,60,1,2.86,CF,1587672293
437,Shingū,33.73,135.98,43.27,63,0,6.44,JP,1587672293
438,Palmer,42.16,-72.33,52.0,18,75,10.29,US,1587672293
439,Necochea,-38.55,-58.74,64.0,57,100,8.99,AR,1587672188
440,Port Pirie,-33.18,138.02,55.4,93,40,5.82,AU,1587672294
441,Lodja,-3.48,23.43,73.29,70,75,2.55,CD,1587672294
442,Husavik,66.04,-17.34,50.0,46,96,10.29,IS,1587672294
443,Zyryanovsk,49.74,84.27,54.43,33,41,3.83,KZ,1587672294
444,Safakulevo,54.99,62.54,34.9,77,0,8.68,RU,1587672294
445,Belmonte,-15.86,-38.88,78.8,65,40,6.93,BR,1587672294
446,Jining,35.41,116.58,44.47,46,0,4.25,CN,1587672295
447,Gambiran,-6.8,111.5,78.49,84,100,7.72,ID,1587672295
448,Mosta,35.91,14.43,61.0,87,1,5.82,MT,1587672295
449,Kommunisticheskiy,61.68,64.48,27.09,91,77,6.35,RU,1587672295
450,Decatur,39.84,-88.95,60.8,77,75,12.75,US,1587672295
451,Marang,5.21,103.21,78.8,94,20,2.24,MY,1587672296
452,Wajima,37.4,136.9,45.82,65,99,8.88,JP,1587672296
453,Sombrio,-29.11,-49.62,68.13,82,1,5.79,BR,1587672087
454,Sovetsk,55.08,21.88,41.29,86,5,6.15,RU,1587672296
455,Kaseda-shirakame,31.42,130.32,46.0,65,96,10.0,JP,1587672296
456,Egvekinot,66.32,-179.17,19.47,92,2,5.53,RU,1587672297
457,Nago,26.59,127.98,60.8,63,90,5.82,JP,1587672297
458,Bathsheba,13.22,-59.52,86.0,66,40,19.46,BB,1587672297
459,Līsakovsk,52.54,62.49,38.97,79,92,8.12,KZ,1587672298
460,Ngunguru,-35.62,174.5,59.0,98,7,11.01,NZ,1587672298
461,Talnakh,69.49,88.4,41.0,60,97,44.74,RU,1587672298
462,Gravelbourg,49.88,-106.55,59.59,27,88,13.02,CA,1587672298
463,Senno,59.53,33.92,29.39,95,46,2.98,RU,1587672298
464,Esmeraldas,-19.76,-44.31,78.8,54,40,8.05,BR,1587672298
465,Sanok,49.56,22.21,55.4,63,52,11.41,PL,1587672298
466,Bowen,-20.02,148.23,70.0,94,40,8.88,AU,1587672299
467,Kajaani,64.23,27.73,32.0,97,90,6.93,FI,1587672299
468,Khasan,42.43,130.64,37.26,75,47,8.57,RU,1587672299
469,Plettenberg Bay,-34.05,23.37,61.41,75,100,3.36,ZA,1587672299
470,Diamantino,-14.41,-56.45,80.49,69,92,3.13,BR,1587672299
471,Okulovka,58.4,33.29,31.87,85,100,2.73,RU,1587672300
472,Quatre Cocos,-20.21,57.76,77.0,88,75,8.05,MU,1587672300
473,Kieta,-6.22,155.63,80.42,78,100,2.55,PG,1587672300
474,León,21.12,-101.67,86.0,12,75,5.82,MX,1587672158
475,Barabash,43.2,131.48,30.2,92,99,5.57,RU,1587672300
476,Vila Velha,-20.33,-40.29,78.01,73,20,10.29,BR,1587672138
477,Mehamn,71.04,27.85,30.2,63,75,24.16,NO,1587672300
478,Adwa,14.16,38.9,66.45,36,60,2.08,ET,1587672301
479,Barcelos,41.54,-8.62,61.0,82,100,4.7,PT,1587672301
480,Caraquet,47.79,-64.94,35.6,40,75,17.22,CA,1587672301
481,Nokaneng,-19.67,22.27,66.69,30,0,6.91,BW,1587672301
482,Dudinka,69.41,86.18,41.0,60,100,44.74,RU,1587672301
483,Kilakarai,9.23,78.78,86.11,74,96,9.66,IN,1587672302
484,Sawtell,-30.38,153.1,64.4,88,100,5.82,AU,1587672302
485,Kamenka,51.32,42.77,44.01,45,80,7.0,RU,1587672302
486,Gold Coast,-28.0,153.43,63.0,93,86,4.7,AU,1587672099
487,Maracaju,-21.61,-55.17,75.92,40,0,5.37,BR,1587672302
488,Kalabo,-14.97,22.68,62.82,44,1,4.29,ZM,1587672302
489,Martinsburg,39.46,-77.96,57.2,50,90,6.93,US,1587672302
490,Lappeenranta,61.06,28.19,37.4,59,100,2.24,FI,1587672097
491,Ayaviri,-14.89,-70.59,58.59,12,27,2.8,PE,1587672303
492,Mbandaka,0.05,18.26,77.58,69,57,1.72,CD,1587672303
493,Port Lincoln,-34.73,135.87,59.97,85,0,7.83,AU,1587672303
494,Jiutai,44.15,125.83,32.0,78,6,8.95,CN,1587672303
495,Meulaboh,4.14,96.13,79.63,81,91,4.21,ID,1587672303
496,Shubarshi,48.59,57.19,41.13,70,52,5.88,KZ,1587672304
497,Nelson,-41.28,173.28,48.99,89,0,4.0,NZ,1587672148
498,Hambantota,6.12,81.12,81.45,80,100,2.98,LK,1587672304
499,Faya,18.39,42.45,66.2,68,99,3.47,SA,1587672304
500,Itacoatiara,-3.14,-58.44,78.8,94,34,2.24,BR,1587672044
501,Tabou,4.42,-7.35,80.92,81,100,6.11,CI,1587672305
502,Oberstdorf,47.4,10.28,53.6,58,2,1.12,DE,1587672305
503,Roblin,51.23,-101.36,50.86,57,64,5.88,CA,1587672305
504,Sabha,27.04,14.43,75.97,16,0,9.73,LY,1587672305
505,Raudeberg,61.99,5.14,44.01,85,100,10.22,NO,1587672305
506,Miandrivazo,-19.52,45.47,74.86,82,2,0.85,MG,1587672305
507,Kargasok,59.06,80.86,45.84,69,96,10.54,RU,1587672306
508,Vanavara,60.34,102.28,30.38,91,0,4.56,RU,1587672306
509,Te Anau,-45.42,167.72,50.25,67,64,8.66,NZ,1587672306
510,Eyl,7.98,49.82,84.13,76,100,13.67,SO,1587672306
511,Port-Gentil,-0.72,8.78,84.2,79,20,8.05,GA,1587672306
512,Fairbanks,64.84,-147.72,39.99,64,75,3.36,US,1587672307
513,Garoowe,8.41,48.48,79.25,64,8,15.21,SO,1587672307
514,Severo-Yeniseyskiy,60.37,93.04,43.66,64,67,5.84,RU,1587672307
515,Tilichiki,60.47,166.1,22.39,95,3,4.83,RU,1587672307
516,Santa Isabel Rio Negro,-0.41,-65.02,83.05,81,84,1.36,BR,1587672307
517,Bilma,18.69,12.92,88.92,10,0,8.7,NE,1587672307
518,Ust-Maya,60.42,134.53,22.26,93,99,1.97,RU,1587672308
519,Mbala,-8.84,31.37,59.0,60,6,5.12,ZM,1587672308
520,North Bend,43.41,-124.22,62.01,82,90,5.82,US,1587672308
521,Yabrūd,33.97,36.66,59.0,62,13,10.29,SY,1587672308
522,Gorontalo,0.54,123.06,76.69,87,94,2.28,ID,1587672064
523,Le Locle,47.06,6.75,63.0,57,0,1.12,CH,1587672309
524,Souillac,-20.52,57.52,75.2,88,75,8.05,MU,1587672063
525,Naryan-Mar,67.67,53.09,21.43,96,70,14.85,RU,1587672309
526,Ugoofaaru,5.67,73.0,83.21,78,99,12.71,MV,1587672309
527,Bukachacha,52.98,116.92,28.9,75,58,6.89,RU,1587672309
528,Touros,-5.2,-35.46,84.2,74,40,11.41,BR,1587672309
529,Oktyabr'skoye,43.06,44.74,39.2,86,52,4.47,RU,1587672310
530,Gboko,7.32,9.0,84.52,62,49,10.83,NG,1587672310
531,Quang Ngai,15.12,108.8,77.04,87,100,2.26,VN,1587672310
532,Lorengau,-2.02,147.27,83.21,73,46,4.7,PG,1587672310
533,Linhares,-19.39,-40.07,71.6,78,79,4.92,BR,1587672202
534,Voyvozh,62.89,54.96,18.79,95,100,3.85,RU,1587672310
535,Abay,49.63,72.85,46.4,93,100,4.47,KZ,1587672311
536,Isangel,-19.55,169.27,73.4,94,75,13.31,VU,1587672311
537,Ada,43.42,-116.13,57.99,58,75,16.11,US,1587672311
